Iteration,V-variation
1,4
2,14.145695
3,10.905536
4,8.281004
5,6.155131
6,4.433173
7,3.038385
8,1.908607
9,0.993486
1.00E+01,0.252238
11,0.000142
