Iteration,V-variation
1,0.333333333
2,0.142857067
3,0.075
4,0.007145018
5,0.002883555
6,0.00183043
7,0.001354681
8,0.000776737
9,0.000133614
10,5.83E-05
