Iteration,act_diff,l_inf,l2
0,44,0.630366945,1.076567333
1000,36,0.547499915,2.253643941
2000,37,0.620399915,2.523824034
3000,31,0.620399915,2.646036861
4000,39,0.694384745,2.817234272
5000,37,0.694384745,2.699095302
6000,42,0.613384745,2.522182596
7000,40,0.613384745,2.474433137
8000,39,0.613384745,2.776494306
9000,35,0.593267942,2.543822364
10000,37,0.620399915,2.918547126
